,date,close,open,high,low,volume
0,2018-10-25,206330.0,204667.0,206606.0,203381.0,376014.0
1,2018-10-26,202715.0,206657.0,206657.0,200886.0,449197.0
2,2018-10-29,199605.0,202668.0,204576.0,199377.0,427304.0
3,2018-10-30,201469.0,198595.0,202884.0,198595.0,441585.0
4,2018-10-31,202969.0,202284.0,203050.0,200663.0,373027.0
5,2018-11-01,202446.0,203511.0,205422.0,202343.0,343813.0
6,2018-11-02,209600.0,204661.0,209663.0,204494.0,371978.0
7,2018-11-05,207692.0,207981.0,208049.0,205267.0,361302.0
8,2018-11-06,208962.0,208581.0,209261.0,206859.0,315816.0
9,2018-11-07,207869.0,209032.0,210763.0,207248.0,485225.0
10,2018-11-08,209263.0,210997.0,212088.0,209236.0,328034.0
11,2018-11-09,208609.0,209389.0,210192.0,208247.0,298072.0
12,2018-11-12,208044.0,206592.0,208724.0,206552.0,295528.0
13,2018-11-13,207123.0,204762.0,207203.0,203205.0,383421.0
14,2018-11-14,206805.0,207141.0,207512.0,206086.0,339046.0
15,2018-11-15,208806.0,206147.0,208861.0,205873.0,351042.0
16,2018-11-16,209240.0,209794.0,210311.0,208654.0,301604.0
17,2018-11-19,210056.0,209613.0,211139.0,208937.0,273198.0
18,2018-11-20,208258.0,207467.0,208954.0,207467.0,281685.0
19,2018-11-21,207655.0,205707.0,207749.0,204976.0,267903.0
20,2018-11-22,206995.0,207901.0,208175.0,206620.0,242498.0
21,2018-11-23,205748.0,207326.0,207591.0,204796.0,227202.0
22,2018-11-26,208302.0,206017.0,208396.0,206017.0,237710.0
23,2018-11-27,209942.0,209175.0,210229.0,207949.0,239211.0
24,2018-11-28,210822.0,210413.0,210865.0,209432.0,300075.0
25,2018-11-29,211410.0,213395.0,213674.0,210890.0,307230.0
26,2018-11-30,209686.0,211683.0,212233.0,209383.0,427354.0
27,2018-12-03,213193.0,212778.0,213664.0,211360.0,436588.0
28,2018-12-04,211435.0,212567.0,212894.0,210545.0,507517.0
29,2018-12-05,210131.0,208657.0,210769.0,208657.0,492716.0
30,2018-12-06,206869.0,209462.0,209462.0,206400.0,537409.0
31,2018-12-07,207576.0,208168.0,208684.0,206562.0,371590.0
32,2018-12-10,205379.0,204845.0,206178.0,204321.0,344164.0
33,2018-12-11,205297.0,205816.0,206094.0,204717.0,273932.0
34,2018-12-12,208257.0,206277.0,208477.0,206113.0,457126.0
35,2018-12-13,209555.0,208743.0,210443.0,208437.0,379818.0
36,2018-12-14,206938.0,209564.0,209564.0,206140.0,448237.0
37,2018-12-17,207109.0,207121.0,207593.0,206551.0,444522.0
38,2018-12-18,206211.0,205739.0,207431.0,205426.0,429530.0
39,2018-12-19,207884.0,206895.0,208065.0,206301.0,418796.0
40,2018-12-20,206012.0,206370.0,207108.0,204752.0,421064.0
41,2018-12-21,206149.0,205270.0,206151.0,204976.0,311388.0
42,2018-12-24,205501.0,205038.0,205994.0,204618.0,285275.0
43,2018-12-26,202801.0,202881.0,203783.0,201428.0,321499.0
44,2018-12-27,202844.0,203209.0,203557.0,202139.0,398021.0
45,2018-12-28,204104.0,203670.0,204697.0,203541.0,352677.0
46,2019-01-02,201000.0,205055.0,205345.0,200427.0,326367.0
47,2019-01-03,199370.0,201181.0,201472.0,199165.0,427976.0
48,2019-01-04,201025.0,199240.0,201156.0,198453.0,408990.0
49,2019-01-07,203710.0,203424.0,204806.0,203090.0,440191.0
50,2019-01-08,202527.0,203868.0,204270.0,202359.0,397831.0
51,2019-01-09,206471.0,203419.0,206823.0,203419.0,386247.0
52,2019-01-10,206328.0,206573.0,207281.0,205716.0,382877.0
53,2019-01-11,207557.0,207036.0,207699.0,206399.0,380061.0
54,2019-01-14,206452.0,207049.0,207394.0,205946.0,432890.0
55,2019-01-15,209718.0,206914.0,209801.0,206758.0,439488.0
56,2019-01-16,210610.0,209865.0,210635.0,209192.0,500078.0
57,2019-01-17,210706.0,211014.0,211743.0,210170.0,475884.0
58,2019-01-18,212428.0,211643.0,212450.0,211344.0,456737.0
59,2019-01-21,212461.0,213387.0,213417.0,211445.0,398034.0
60,2019-01-22,211777.0,212603.0,212937.0,210891.0,419441.0
61,2019-01-23,212778.0,210872.0,213105.0,210674.0,408600.0
62,2019-01-24,214503.0,212788.0,214508.0,212548.0,413652.0
63,2019-01-25,217773.0,214792.0,217801.0,214664.0,410001.0
64,2019-01-28,217730.0,218441.0,218815.0,216917.0,371618.0
65,2019-01-29,218336.0,217283.0,218336.0,216253.0,552586.0
66,2019-01-30,220620.0,218349.0,220620.0,217788.0,480390.0
67,2019-01-31,220485.0,222288.0,222288.0,220122.0,545247.0
68,2019-02-01,220346.0,221193.0,221878.0,220141.0,479378.0
69,2019-02-07,220342.0,221577.0,221579.0,219677.0,427842.0
70,2019-02-08,217705.0,219201.0,219248.0,217196.0,391029.0
71,2019-02-11,218073.0,218054.0,218158.0,216736.0,406059.0
72,2019-02-12,219047.0,218271.0,219505.0,217859.0,429940.0
73,2019-02-13,220148.0,220000.0,220371.0,219475.0,421989.0
74,2019-02-14,222585.0,219592.0,222585.0,218609.0,573362.0
75,2019-02-15,219609.0,221094.0,221094.0,218771.0,400591.0
76,2019-02-18,221089.0,220736.0,221732.0,220300.0,314370.0
77,2019-02-19,220563.0,220896.0,221387.0,219334.0,389093.0
78,2019-02-20,222976.0,221674.0,223468.0,221383.0,374342.0
79,2019-02-21,222866.0,222426.0,223431.0,221319.0,382510.0
80,2019-02-22,223050.0,222232.0,223050.0,221708.0,409310.0
81,2019-02-25,223256.0,224113.0,224176.0,222464.0,339233.0
82,2019-02-26,222660.0,223037.0,223570.0,222176.0,331962.0
83,2019-02-27,223479.0,223446.0,223777.0,222816.0,301513.0
84,2019-02-28,219544.0,223158.0,223393.0,219544.0,510022.0
85,2019-03-04,219066.0,221097.0,221602.0,218856.0,373166.0
86,2019-03-05,217923.0,218335.0,218574.0,217133.0,313145.0
87,2019-03-06,217560.0,217711.0,217901.0,216846.0,328943.0
88,2019-03-07,216579.0,217319.0,218119.0,215519.0,292578.0
89,2019-03-08,213744.0,215280.0,215967.0,213744.0,313314.0
90,2019-03-11,213810.0,214029.0,214531.0,212554.0,272103.0
91,2019-03-12,215718.0,215461.0,216169.0,215096.0,355282.0
92,2019-03-13,214841.0,215266.0,215411.0,213416.0,285600.0
93,2019-03-14,215568.0,215435.0,215834.0,214231.0,341009.0
94,2019-03-15,217611.0,215296.0,218177.0,215259.0,387135.0
95,2019-03-18,217949.0,217969.0,218390.0,217234.0,257951.0
96,2019-03-19,217762.0,218303.0,218376.0,217105.0,319702.0
97,2019-03-20,217710.0,217141.0,217719.0,215221.0,317606.0
98,2019-03-21,218488.0,218311.0,220032.0,217370.0,342747.0
99,2019-03-22,218695.0,219272.0,219542.0,217877.0,333617.0
100,2019-03-25,214486.0,215880.0,215925.0,214370.0,307071.0
101,2019-03-26,214880.0,215298.0,215390.0,214363.0,301253.0
102,2019-03-27,214562.0,214719.0,215291.0,213242.0,363169.0
103,2019-03-28,212810.0,213125.0,213640.0,212093.0,288036.0
104,2019-03-29,214067.0,213845.0,214330.0,212407.0,364618.0
105,2019-04-01,216828.0,215331.0,217149.0,215331.0,263312.0
106,2019-04-02,217718.0,217720.0,218137.0,217184.0,257453.0
107,2019-04-03,220327.0,217681.0,220329.0,217283.0,358644.0
108,2019-04-04,220653.0,220104.0,221615.0,219866.0,431013.0
109,2019-04-05,220961.0,220636.0,221482.0,220526.0,517153.0
110,2019-04-08,221060.0,221766.0,221787.0,220249.0,347910.0
111,2019-04-09,221356.0,221232.0,222162.0,220354.0,414809.0
112,2019-04-10,222439.0,220620.0,222502.0,220382.0,399694.0
113,2019-04-11,222444.0,222769.0,223041.0,221718.0,402016.0
114,2019-04-12,223345.0,222110.0,223345.0,221288.0,449634.0
115,2019-04-15,224288.0,224231.0,225122.0,224029.0,404160.0
116,2019-04-16,224863.0,224106.0,224989.0,223572.0,569056.0
117,2019-04-17,224589.0,224905.0,225205.0,224201.0,452474.0
118,2019-04-18,221377.0,224880.0,225011.0,221043.0,573343.0
119,2019-04-19,221615.0,222342.0,222537.0,221558.0,525263.0
120,2019-04-22,221665.0,221850.0,222794.0,220725.0,493984.0
121,2019-04-23,222051.0,221761.0,222392.0,221214.0,481177.0
122,2019-04-24,220103.0,222975.0,222975.0,219029.0,575099.0
123,2019-04-25,219050.0,219547.0,220089.0,218744.0,441137.0
124,2019-04-26,217931.0,217813.0,218652.0,216815.0,570172.0
125,2019-04-29,221643.0,218341.0,221643.0,218182.0,380823.0
126,2019-04-30,220359.0,221343.0,221577.0,218633.0,381413.0
127,2019-05-02,221275.0,219294.0,221703.0,219130.0,369059.0
128,2019-05-03,219632.0,220944.0,221136.0,219236.0,617877.0
129,2019-05-07,217699.0,217239.0,217951.0,216044.0,484097.0
130,2019-05-08,216801.0,215134.0,217934.0,215134.0,456333.0
131,2019-05-09,210201.0,215979.0,216498.0,210201.0,743506.0
132,2019-05-10,210804.0,211842.0,212492.0,209039.0,714766.0
133,2019-05-13,207901.0,209180.0,210109.0,207772.0,505750.0
134,2019-05-14,208184.0,206024.0,209341.0,205674.0,696195.0
135,2019-05-15,209278.0,208192.0,210001.0,207646.0,577794.0
136,2019-05-16,206769.0,209488.0,209558.0,206244.0,745164.0
137,2019-05-17,205580.0,208157.0,208283.0,205379.0,537380.0
138,2019-05-20,205571.0,206653.0,207710.0,205169.0,640195.0
139,2019-05-21,206125.0,205695.0,207647.0,205369.0,526858.0
140,2019-05-22,206486.0,206865.0,207080.0,204801.0,509974.0
141,2019-05-23,205959.0,206325.0,206586.0,204682.0,509268.0
142,2019-05-24,204531.0,204730.0,205738.0,203598.0,480647.0
143,2019-05-27,204421.0,204425.0,205513.0,203587.0,351616.0
144,2019-05-28,204883.0,204477.0,205842.0,203852.0,494478.0
145,2019-05-29,202332.0,204671.0,204671.0,201625.0,380893.0
146,2019-05-30,203880.0,202433.0,204066.0,202391.0,461850.0
147,2019-05-31,204174.0,202903.0,204890.0,202297.0,439181.0
148,2019-06-03,206785.0,203103.0,207058.0,202917.0,387145.0
149,2019-06-04,206697.0,206678.0,207219.0,206098.0,435991.0
150,2019-06-05,206911.0,208416.0,208649.0,206571.0,380156.0
151,2019-06-07,207233.0,207078.0,208116.0,205797.0,368392.0
152,2019-06-10,209949.0,208737.0,209965.0,207551.0,457640.0
153,2019-06-11,211181.0,209609.0,211457.0,209460.0,550740.0
154,2019-06-12,210875.0,211166.0,211889.0,210441.0,693507.0
155,2019-06-13,210315.0,210446.0,210801.0,208192.0,553393.0
156,2019-06-14,209541.0,209632.0,210302.0,208747.0,473370.0
157,2019-06-17,209073.0,209171.0,210359.0,208725.0,561550.0
158,2019-06-18,209871.0,208931.0,210302.0,208931.0,600964.0
159,2019-06-19,212478.0,211954.0,212674.0,211764.0,862980.0
160,2019-06-20,213129.0,212178.0,213177.0,212042.0,1007158.0
161,2019-06-21,212562.0,213238.0,213268.0,212015.0,692027.0
162,2019-06-24,212633.0,213032.0,213448.0,212388.0,669639.0
163,2019-06-25,212164.0,212574.0,213624.0,211511.0,642999.0
164,2019-06-26,212185.0,212020.0,212825.0,211572.0,736851.0
165,2019-06-27,213432.0,212073.0,214127.0,211822.0,644900.0
166,2019-06-28,213062.0,213506.0,213924.0,212397.0,537274.0
167,2019-07-01,212974.0,214724.0,214724.0,212687.0,412291.0
168,2019-07-02,212202.0,212207.0,213086.0,211252.0,460830.0
169,2019-07-03,209602.0,212075.0,212771.0,209332.0,522709.0
170,2019-07-04,210873.0,210236.0,210880.0,208897.0,446932.0
171,2019-07-05,211059.0,211100.0,211543.0,209623.0,459391.0
172,2019-07-08,206417.0,209191.0,209254.0,206378.0,515950.0
173,2019-07-09,205203.0,207035.0,207530.0,205203.0,440122.0
174,2019-07-10,205878.0,206155.0,206820.0,205648.0,355677.0
175,2019-07-11,208058.0,207059.0,208824.0,207021.0,376675.0
176,2019-07-12,208666.0,208353.0,209043.0,207735.0,403935.0
177,2019-07-15,208248.0,208339.0,208834.0,207310.0,463519.0
178,2019-07-16,209187.0,208446.0,209667.0,207874.0,682802.0
179,2019-07-17,207292.0,207991.0,208001.0,206349.0,761626.0
180,2019-07-18,206655.0,206866.0,207320.0,206133.0,446644.0
181,2019-07-19,209436.0,208021.0,209673.0,207651.0,394904.0
182,2019-07-22,209334.0,209035.0,209934.0,208751.0,332629.0
183,2019-07-23,210145.0,209576.0,210639.0,209538.0,648123.0
184,2019-07-24,208230.0,209716.0,210568.0,208066.0,851392.0
185,2019-07-25,207448.0,208567.0,208881.0,206108.0,598634.0
186,2019-07-26,206626.0,206335.0,206816.0,205464.0,589074.0
187,2019-07-29,202948.0,205913.0,206313.0,202501.0,608670.0
188,2019-07-30,203868.0,203532.0,204459.0,203261.0,547029.0
189,2019-07-31,202455.0,203646.0,204116.0,201095.0,589386.0
190,2019-08-01,201734.0,201509.0,203223.0,200933.0,461743.0
191,2019-08-02,199813.0,199531.0,200531.0,198712.0,438538.0
192,2019-08-05,194698.0,198593.0,198764.0,194539.0,639603.0
193,2019-08-06,191750.0,190036.0,194853.0,189181.0,739588.0
194,2019-08-07,190971.0,192533.0,192929.0,190161.0,760777.0
195,2019-08-08,192061.0,192628.0,193795.0,191581.0,777165.0
196,2019-08-09,193775.0,194006.0,194694.0,193614.0,654344.0
197,2019-08-12,194229.0,194153.0,194919.0,193325.0,427140.0
198,2019-08-13,192583.0,192876.0,193768.0,192358.0,660040.0
199,2019-08-14,193837.0,194618.0,195222.0,193723.0,699585.0
200,2019-08-16,192717.0,192149.0,192770.0,191172.0,421682.0
201,2019-08-19,193990.0,193664.0,194309.0,193144.0,481022.0
202,2019-08-20,196025.0,194299.0,196416.0,193753.0,463604.0
203,2019-08-21,196465.0,195457.0,197112.0,195447.0,391567.0
204,2019-08-22,195101.0,196660.0,196796.0,195101.0,435564.0
205,2019-08-23,194830.0,194242.0,195385.0,194060.0,381086.0
206,2019-08-26,191631.0,191534.0,192449.0,190992.0,324853.0
207,2019-08-27,192460.0,192898.0,193742.0,191928.0,427042.0
208,2019-08-28,194109.0,192996.0,194362.0,192643.0,284344.0
209,2019-08-29,193341.0,194355.0,194715.0,192849.0,285103.0
210,2019-08-30,196779.0,195166.0,197121.0,195130.0,317733.0
211,2019-09-02,196919.0,196119.0,197325.0,195859.0,262154.0
212,2019-09-03,196569.0,196650.0,197637.0,196015.0,342077.0
213,2019-09-04,198853.0,196243.0,198853.0,196208.0,348722.0
214,2019-09-05,200475.0,199362.0,201539.0,199251.0,488067.0
215,2019-09-06,200913.0,201611.0,201720.0,200569.0,384440.0
216,2019-09-09,201955.0,201338.0,202980.0,201328.0,511821.0
217,2019-09-10,203208.0,202479.0,203428.0,202158.0,504390.0
218,2019-09-11,204920.0,204372.0,205080.0,204004.0,429075.0
219,2019-09-16,206222.0,205626.0,206222.0,204480.0,493516.0
220,2019-09-17,206233.0,205872.0,206633.0,205517.0,507995.0
221,2019-09-18,207073.0,206442.0,207563.0,205852.0,613147.0
222,2019-09-19,208035.0,207053.0,208981.0,207053.0,493037.0
223,2019-09-20,209152.0,208086.0,209237.0,207730.0,589919.0
224,2019-09-23,209170.0,208770.0,209554.0,208560.0,420948.0
225,2019-09-24,210104.0,209019.0,210163.0,208591.0,535771.0
226,2019-09-25,207339.0,209347.0,209527.0,207241.0,651551.0
227,2019-09-26,207452.0,208266.0,208733.0,206434.0,430577.0
228,2019-09-27,204993.0,206696.0,206696.0,204475.0,285943.0
229,2019-09-30,206305.0,204577.0,206499.0,204201.0,327625.0
230,2019-10-01,207242.0,206244.0,207748.0,205791.0,389336.0
231,2019-10-02,203191.0,205823.0,205823.0,203191.0,414460.0
232,2019-10-04,202069.0,202840.0,203943.0,202069.0,402940.0
233,2019-10-07,202173.0,203153.0,203494.0,201619.0,322184.0
234,2019-10-08,204625.0,202937.0,204681.0,202463.0,437517.0
235,2019-10-10,202815.0,203013.0,204088.0,201090.0,445846.0
236,2019-10-11,204461.0,204808.0,205394.0,204048.0,381147.0
237,2019-10-14,206740.0,206813.0,207510.0,206553.0,511215.0
238,2019-10-15,206817.0,206478.0,207321.0,206434.0,464533.0
239,2019-10-16,208283.0,208092.0,209001.0,207380.0,524545.0
240,2019-10-17,207794.0,208176.0,208715.0,207249.0,314177.0
241,2019-10-18,206069.0,208223.0,208854.0,205789.0,516687.0
242,2019-10-21,206484.0,206797.0,206797.0,205933.0,606108.0
243,2019-10-22,208886.0,207629.0,209381.0,207308.0,504063.0
244,2019-10-23,208062.0,208681.0,208825.0,207488.0,429453.0
245,2019-10-24,208566.0,208985.0,208985.0,206790.0,367717.0
246,2019-10-25,208789.0,209116.0,209124.0,207930.0,348686.0
247,2019-10-28,209360.0,209667.0,210439.0,208976.0,269233.0
248,2019-10-29,209269.0,210392.0,210517.0,208804.0,357662.0
249,2019-10-30,208027.0,209351.0,209351.0,207554.0,415551.0
250,2019-10-31,208348.0,208922.0,210371.0,208348.0,461322.0
251,2019-11-01,210020.0,208479.0,210042.0,208153.0,418314.0
252,2019-11-04,213024.0,211132.0,213083.0,211132.0,476256.0
253,2019-11-05,214264.0,213366.0,214312.0,212870.0,400643.0
254,2019-11-06,214415.0,214269.0,215623.0,213883.0,410084.0
255,2019-11-07,214429.0,214105.0,214701.0,213545.0,425662.0
256,2019-11-08,213723.0,215418.0,215594.0,213375.0,574127.0
257,2019-11-11,212409.0,213907.0,213907.0,211907.0,617265.0
258,2019-11-12,214092.0,213126.0,214094.0,212180.0,610428.0
259,2019-11-13,212245.0,213248.0,213337.0,211867.0,664365.0
260,2019-11-14,213923.0,212754.0,213923.0,212132.0,521109.0
261,2019-11-15,216218.0,213796.0,216502.0,213526.0,556246.0
262,2019-11-18,216069.0,216189.0,216589.0,215197.0,489233.0
263,2019-11-19,215324.0,215104.0,215441.0,213701.0,826885.0
264,2019-11-20,212532.0,214006.0,214597.0,212380.0,581056.0
265,2019-11-21,209660.0,212365.0,212536.0,208819.0,579554.0
266,2019-11-22,210196.0,209889.0,210642.0,209399.0,519852.0
267,2019-11-25,212350.0,211714.0,213004.0,211607.0,397676.0
268,2019-11-26,212135.0,212927.0,213964.0,212085.0,532600.0
269,2019-11-27,212785.0,213447.0,213630.0,211807.0,367796.0
270,2019-11-28,211860.0,211693.0,212775.0,211658.0,335227.0
271,2019-11-29,208796.0,212553.0,212553.0,208510.0,433260.0
272,2019-12-02,209192.0,209755.0,210387.0,208892.0,385343.0
273,2019-12-03,208407.0,207502.0,208571.0,206660.0,450039.0
274,2019-12-04,206889.0,207084.0,207291.0,205745.0,347002.0
275,2019-12-05,206074.0,207831.0,208429.0,205356.0,472188.0
276,2019-12-06,208185.0,207244.0,208444.0,207017.0,440188.0
277,2019-12-09,208865.0,209194.0,209381.0,208431.0,393126.0
278,2019-12-10,209800.0,208122.0,210048.0,208016.0,500064.0
279,2019-12-11,210562.0,209828.0,210922.0,209248.0,668731.0
280,2019-12-12,213735.0,212013.0,213893.0,212013.0,584636.0
281,2019-12-13,217025.0,216463.0,217025.0,215945.0,540027.0
282,2019-12-16,216815.0,216805.0,217501.0,216629.0,377053.0
283,2019-12-17,219568.0,217940.0,219601.0,217109.0,599534.0
284,2019-12-18,219476.0,219492.0,220404.0,218732.0,591106.0
285,2019-12-19,219656.0,219942.0,220473.0,218659.0,643143.0
286,2019-12-20,220418.0,220557.0,220682.0,219480.0,646682.0
287,2019-12-23,220371.0,220822.0,220920.0,219643.0,502034.0
288,2019-12-24,219008.0,220623.0,220623.0,218758.0,569967.0
289,2019-12-26,219793.0,219222.0,219801.0,218390.0,571309.0
290,2019-12-27,220421.0,218370.0,221555.0,217740.0,490167.0
291,2019-12-30,219767.0,220262.0,220804.0,219565.0,416403.0
292,2020-01-02,217517.0,220121.0,220232.0,217184.0,494677.0
293,2020-01-03,217646.0,219258.0,220338.0,216539.0,631562.0
294,2020-01-06,215507.0,215497.0,216442.0,214995.0,592670.0
295,2020-01-07,217554.0,216660.0,218162.0,216427.0,568235.0
296,2020-01-08,215131.0,215627.0,216232.0,213772.0,913830.0
297,2020-01-09,218645.0,218220.0,218645.0,217216.0,592603.0
298,2020-01-10,220639.0,218948.0,220692.0,218810.0,594536.0
299,2020-01-13,222926.0,220449.0,223043.0,220449.0,488288.0
300,2020-01-14,223888.0,224306.0,225079.0,223294.0,835899.0
301,2020-01-15,223098.0,222980.0,223821.0,222339.0,746156.0
302,2020-01-16,224805.0,223193.0,224909.0,222541.0,808331.0
303,2020-01-17,225057.0,226157.0,226871.0,224558.0,580816.0
304,2020-01-20,226264.0,226140.0,227723.0,225809.0,545491.0
305,2020-01-21,223969.0,225981.0,226631.0,223825.0,770319.0
306,2020-01-22,226725.0,223853.0,226927.0,223513.0,608509.0
307,2020-01-23,224613.0,225454.0,226063.0,224194.0,509608.0
308,2020-01-28,217672.0,219222.0,219993.0,216623.0,808878.0
309,2020-01-29,218528.0,218818.0,219545.0,217233.0,692300.0
310,2020-01-30,214800.0,218154.0,218745.0,213972.0,602838.0
311,2020-01-31,211901.0,216060.0,216723.0,211901.0,710507.0
312,2020-02-03,211888.0,208661.0,212673.0,208274.0,836699.0
313,2020-02-04,215790.0,212122.0,216232.0,212053.0,624641.0
314,2020-02-05,216563.0,217726.0,218152.0,215488.0,574395.0
315,2020-02-06,222794.0,218477.0,222999.0,218225.0,695216.0
316,2020-02-07,221195.0,222149.0,222392.0,219814.0,800342.0
317,2020-02-10,220107.0,218563.0,220339.0,218051.0,609566.0
318,2020-02-11,222312.0,221350.0,223332.0,221125.0,526211.0
319,2020-02-12,223838.0,222595.0,224224.0,221477.0,632462.0
320,2020-02-13,223296.0,224572.0,225549.0,223030.0,638666.0
321,2020-02-14,224359.0,223271.0,225150.0,222190.0,597224.0
322,2020-02-17,224217.0,224307.0,225005.0,223026.0,458247.0
323,2020-02-18,220888.0,222598.0,223293.0,220521.0,470424.0
324,2020-02-19,221034.0,222251.0,222600.0,219120.0,591155.0
325,2020-02-20,219550.0,222355.0,222818.0,218672.0,709563.0
326,2020-02-21,216284.0,216565.0,218443.0,216028.0,635474.0
327,2020-02-24,207904.0,211404.0,212006.0,207903.0,948620.0
328,2020-02-25,210361.0,207555.0,210549.0,207150.0,1565588.0
329,2020-02-26,207677.0,206407.0,208964.0,205913.0,810937.0
330,2020-02-27,205489.0,207387.0,208540.0,204915.0,562775.0
331,2020-02-28,198701.0,202017.0,203101.0,198082.0,671551.0
332,2020-03-02,200251.0,199703.0,201707.0,196934.0,528103.0
333,2020-03-03,201415.0,205185.0,205185.0,200939.0,615692.0
334,2020-03-04,205933.0,200581.0,206359.0,200581.0,606287.0
335,2020-03-05,208526.0,207811.0,208908.0,205999.0,675205.0
336,2020-03-06,204022.0,205309.0,206257.0,203213.0,865588.0
337,2020-03-09,195477.0,198102.0,198950.0,194690.0,666868.0
338,2020-03-10,196293.0,194285.0,196817.0,193472.0,638564.0
339,2020-03-11,190827.0,196567.0,196770.0,189827.0,679716.0
340,2020-03-12,183433.0,188797.0,189723.0,180856.0,850344.0
341,2020-03-13,177144.0,172268.0,180931.0,168060.0,1035277.0
342,2020-03-16,171486.0,180543.0,180543.0,171438.0,682003.0
343,2020-03-17,167244.0,164084.0,172297.0,163788.0,649779.0
344,2020-03-18,159120.0,168612.0,169395.0,159112.0,728007.0
345,2020-03-19,145764.0,162609.0,162609.0,143943.0,977674.0
346,2020-03-20,156615.0,149849.0,156682.0,146648.0,817021.0
347,2020-03-23,148246.0,147445.0,151675.0,145841.0,647528.0
348,2020-03-24,160997.0,152369.0,160997.0,150868.0,679288.0
349,2020-03-25,170476.0,166819.0,170764.0,164528.0,872808.0
350,2020-03-26,168624.0,169911.0,173575.0,167923.0,992473.0
351,2020-03-27,171773.0,175607.0,175905.0,166821.0,1077526.0
352,2020-03-30,171712.0,167034.0,172963.0,165995.0,767776.0
353,2020-03-31,175464.0,173929.0,175781.0,172262.0,1037488.0
354,2020-04-01,168546.0,173728.0,176244.0,168537.0,1243590.0
355,2020-04-02,172486.0,169353.0,172676.0,166413.0,766313.0
356,2020-04-03,172544.0,173117.0,174391.0,170668.0,1000086.0
357,2020-04-06,179188.0,174525.0,179419.0,174267.0,1219388.0
358,2020-04-07,182360.0,182672.0,183897.0,179192.0,951738.0
359,2020-04-08,180714.0,181575.0,184216.0,180180.0,907493.0
360,2020-04-09,183621.0,183809.0,183933.0,181830.0,920570.0
361,2020-04-10,186070.0,183576.0,186110.0,182443.0,992548.0
362,2020-04-13,182576.0,185330.0,185330.0,182576.0,1017751.0
363,2020-04-14,185708.0,184641.0,186446.0,183717.0,886766.0
364,2020-04-16,185707.0,183951.0,186223.0,182813.0,878338.0
365,2020-04-17,191453.0,189331.0,192602.0,189319.0,1667459.0
366,2020-04-20,189836.0,190834.0,192525.0,189317.0,1087463.0
367,2020-04-21,187938.0,188678.0,189832.0,184166.0,1174293.0
368,2020-04-22,189615.0,185551.0,189790.0,184485.0,820359.0
369,2020-04-23,191473.0,190745.0,192353.0,189598.0,683719.0
370,2020-04-24,188901.0,190607.0,190829.0,188071.0,933917.0
371,2020-04-27,192277.0,189706.0,192982.0,189462.0,735662.0
372,2020-04-28,193409.0,193125.0,194179.0,191163.0,1173476.0
373,2020-04-29,194756.0,193689.0,195751.0,193431.0,1984181.0
374,2020-05-04,189537.0,190642.0,191866.0,189429.0,1146855.0
375,2020-05-06,192876.0,191945.0,192876.0,190255.0,1082526.0
376,2020-05-07,192861.0,192200.0,193850.0,191857.0,775657.0
377,2020-05-08,194582.0,194494.0,195689.0,194254.0,784772.0
378,2020-05-11,193540.0,195351.0,196046.0,193287.0,591282.0
379,2020-05-12,192217.0,193862.0,193862.0,190517.0,799930.0
380,2020-05-13,194042.0,189750.0,194042.0,189724.0,618783.0
381,2020-05-14,192496.0,192244.0,193143.0,191349.0,760646.0
382,2020-05-15,192728.0,193763.0,193859.0,191321.0,866357.0
383,2020-05-18,193711.0,193451.0,194307.0,192114.0,761695.0
384,2020-05-19,198061.0,197747.0,198377.0,196859.0,773414.0
385,2020-05-20,198964.0,197212.0,199220.0,197212.0,699446.0
386,2020-05-21,199831.0,200320.0,200495.0,199300.0,601199.0
387,2020-05-22,197013.0,200160.0,200265.0,196140.0,847467.0
388,2020-05-25,199460.0,198051.0,199490.0,196784.0,641458.0
389,2020-05-26,202978.0,200100.0,202989.0,199794.0,1017804.0
390,2020-05-27,203120.0,202790.0,204344.0,201982.0,1178847.0
391,2020-05-28,202854.0,204708.0,205452.0,200375.0,1172134.0
392,2020-05-29,202960.0,201837.0,203889.0,200662.0,1086214.0
393,2020-06-01,206508.0,203704.0,206538.0,203563.0,997348.0
394,2020-06-02,208719.0,206145.0,208943.0,205914.0,1000332.0
395,2020-06-03,214700.0,210855.0,215655.0,210769.0,1152001.0
396,2020-06-04,215118.0,218164.0,219100.0,213968.0,1393307.0
397,2020-06-05,218187.0,215117.0,218725.0,213818.0,854591.0
398,2020-06-08,218429.0,221560.0,221721.0,217496.0,854035.0
399,2020-06-09,218892.0,220623.0,221217.0,216601.0,817085.0
400,2020-06-10,219569.0,218791.0,220068.0,217812.0,706294.0
401,2020-06-11,217678.0,218436.0,220072.0,214851.0,827381.0
402,2020-06-12,213230.0,208824.0,213712.0,208463.0,689896.0
403,2020-06-15,203082.0,211441.0,212967.0,203082.0,1072277.0
404,2020-06-16,213805.0,209109.0,213808.0,207902.0,973638.0
405,2020-06-17,214105.0,213318.0,215437.0,210526.0,927515.0
406,2020-06-18,213348.0,213435.0,214513.0,212029.0,767184.0
407,2020-06-19,214132.0,215309.0,215357.0,210891.0,1079452.0
408,2020-06-22,212673.0,212638.0,214288.0,212210.0,789371.0
409,2020-06-23,213124.0,214913.0,215815.0,211051.0,917567.0
410,2020-06-24,216151.0,214593.0,217186.0,214391.0,913896.0
411,2020-06-25,211237.0,213045.0,214333.0,211237.0,1017720.0
412,2020-06-26,213465.0,213747.0,214204.0,211525.0,761043.0
413,2020-06-29,209348.0,210554.0,212050.0,208784.0,643155.0
414,2020-06-30,210833.0,212438.0,213438.0,210826.0,708604.0
415,2020-07-01,210670.0,212881.0,213355.0,210133.0,1116220.0
416,2020-07-02,213537.0,211672.0,213537.0,211398.0,1091965.0
417,2020-07-03,215241.0,214789.0,215354.0,213530.0,770054.0
418,2020-07-06,218793.0,215895.0,219128.0,215771.0,666902.0
419,2020-07-07,216417.0,220204.0,220679.0,216403.0,847434.0
420,2020-07-08,215888.0,216676.0,217383.0,215089.0,677810.0
421,2020-07-09,216790.0,217115.0,218148.0,216674.0,619368.0
422,2020-07-10,215025.0,217144.0,217152.0,214029.0,886987.0
423,2020-07-13,218606.0,217051.0,218880.0,216307.0,650230.0
424,2020-07-14,218361.0,217643.0,218361.0,216560.0,810952.0
425,2020-07-15,220188.0,220873.0,221697.0,219066.0,830266.0
426,2020-07-16,218376.0,220330.0,220734.0,217782.0,784637.0
427,2020-07-17,220119.0,218785.0,220420.0,218785.0,569297.0
428,2020-07-20,219820.0,220959.0,220959.0,218383.0,686819.0
429,2020-07-21,222883.0,221919.0,223486.0,221428.0,918483.0
430,2020-07-22,222866.0,222820.0,223886.0,222162.0,856218.0
431,2020-07-23,221619.0,222724.0,222724.0,220299.0,934542.0
432,2020-07-24,220044.0,219673.0,221957.0,219549.0,1001024.0
433,2020-07-27,221786.0,220348.0,223125.0,220348.0,928624.0
434,2020-07-28,225699.0,223819.0,226600.0,223721.0,866725.0
435,2020-07-29,226316.0,225835.0,227679.0,225224.0,899494.0
436,2020-07-30,226701.0,227533.0,228133.0,226381.0,713039.0
437,2020-07-31,224937.0,227853.0,228141.0,224849.0,739688.0
438,2020-08-03,225104.0,225165.0,225438.0,223704.0,648462.0
439,2020-08-04,227997.0,227233.0,228466.0,226969.0,722906.0
440,2020-08-05,231186.0,228923.0,231214.0,228395.0,841298.0
441,2020-08-06,234261.0,232264.0,235248.0,232264.0,797147.0
442,2020-08-07,235167.0,234925.0,236224.0,233362.0,812594.0
443,2020-08-10,238638.0,235392.0,239051.0,234933.0,784617.0
444,2020-08-11,241867.0,239611.0,242936.0,239611.0,843437.0
445,2020-08-12,243235.0,241478.0,243235.0,239327.0,763734.0
446,2020-08-13,243753.0,245528.0,245817.0,241249.0,907218.0
447,2020-08-14,240749.0,242785.0,243500.0,238369.0,968124.0
448,2020-08-18,234824.0,240584.0,241965.0,233678.0,909750.0
449,2020-08-19,236054.0,237087.0,238010.0,235317.0,637965.0
450,2020-08-20,227422.0,233991.0,235708.0,227085.0,903743.0
451,2020-08-21,230459.0,230616.0,232934.0,228097.0,865735.0
452,2020-08-24,232983.0,230938.0,233233.0,228348.0,649276.0
453,2020-08-25,236673.0,235215.0,236978.0,234097.0,771584.0
454,2020-08-26,236932.0,236774.0,237468.0,233698.0,956477.0
455,2020-08-27,234445.0,237195.0,237336.0,234438.0,913917.0
456,2020-08-28,235380.0,236222.0,237926.0,234528.0,1297312.0
457,2020-08-31,232617.0,237709.0,238150.0,232606.0,1647817.0
458,2020-09-01,234955.0,234019.0,235590.0,233123.0,1085245.0
459,2020-09-02,236437.0,236343.0,236957.0,234129.0,1429273.0
460,2020-09-03,239590.0,238326.0,240178.0,238223.0,981546.0
461,2020-09-04,236825.0,233268.0,237102.0,233268.0,1351039.0
462,2020-09-07,238422.0,236985.0,238749.0,236242.0,1197385.0
463,2020-09-08,240191.0,240266.0,240756.0,239143.0,979357.0
464,2020-09-09,237581.0,237253.0,238885.0,236912.0,946247.0
465,2020-09-10,239648.0,240483.0,240668.0,238856.0,1064574.0
466,2020-09-11,239669.0,238976.0,239756.0,237400.0,882880.0
467,2020-09-14,242791.0,241833.0,242907.0,241079.0,963082.0
468,2020-09-15,244358.0,243459.0,244457.0,242379.0,849968.0
469,2020-09-16,243592.0,244272.0,245053.0,242994.0,772938.0
470,2020-09-17,240617.0,243077.0,243702.0,239869.0,853740.0
471,2020-09-18,241240.0,241353.0,241781.0,239633.0,756516.0
472,2020-09-21,238939.0,241244.0,242717.0,237938.0,1041993.0
473,2020-09-22,233259.0,238814.0,238849.0,232358.0,1051028.0
474,2020-09-23,233324.0,235256.0,235446.0,228744.0,735041.0
475,2020-09-24,227270.0,229562.0,230974.0,226888.0,714881.0
476,2020-09-25,227879.0,229519.0,229636.0,226763.0,697961.0
477,2020-09-28,230808.0,230116.0,231481.0,229132.0,605977.0
478,2020-09-29,232789.0,233151.0,233983.0,232004.0,646218.0
479,2020-10-05,235800.0,233055.0,236473.0,232783.0,763618.0
480,2020-10-06,236590.0,236917.0,237828.0,235539.0,861754.0
481,2020-10-07,238694.0,235082.0,238745.0,234782.0,737994.0
482,2020-10-08,239196.0,240849.0,240901.0,238382.0,961726.0
483,2020-10-12,240373.0,240418.0,240942.0,239374.0,843574.0
484,2020-10-13,240315.0,241685.0,241889.0,238587.0,724920.0
485,2020-10-14,238048.0,240374.0,240556.0,237554.0,901176.0
486,2020-10-15,236121.0,237591.0,237673.0,234874.0,1165501.0
487,2020-10-16,234153.0,236388.0,237073.0,232503.0,920205.0
488,2020-10-19,234674.0,235292.0,236425.0,234477.0,931645.0
489,2020-10-20,235841.0,233356.0,235841.0,232206.0,874293.0
490,2020-10-21,237086.0,236303.0,237174.0,235632.0,812837.0
491,2020-10-22,235505.0,235561.0,236022.0,233973.0,815612.0
492,2020-10-23,236081.0,236484.0,236857.0,234449.0,890384.0
493,2020-10-26,234391.0,236650.0,237450.0,234258.0,822267.0
494,2020-10-27,233084.0,232866.0,234933.0,232123.0,666941.0
495,2020-10-28,234526.0,232418.0,234546.0,231647.0,705770.0
496,2020-10-29,232667.0,231234.0,233017.0,229991.0,509768.0
497,2020-10-30,226715.0,231956.0,232020.0,226693.0,795585.0
498,2020-11-02,230016.0,227661.0,230264.0,226795.0,678501.0
499,2020-11-03,234331.0,231581.0,234477.0,231530.0,887445.0
500,2020-11-04,235732.0,236132.0,237114.0,233995.0,986786.0
501,2020-11-05,241379.0,237341.0,241379.0,237085.0,702037.0
502,2020-11-06,241650.0,242179.0,243111.0,240497.0,825568.0
503,2020-11-09,244720.0,243863.0,245915.0,243452.0,1354862.0
504,2020-11-10,245283.0,245395.0,245794.0,243559.0,1464168.0
505,2020-11-11,248587.0,245950.0,248804.0,245950.0,1272038.0
506,2020-11-12,247562.0,248268.0,248879.0,246704.0,1278691.0
507,2020-11-13,249387.0,247012.0,249577.0,246096.0,1072383.0
508,2020-11-16,254303.0,250746.0,254637.0,250746.0,1239135.0
509,2020-11-17,253915.0,254412.0,255609.0,253334.0,1267494.0
510,2020-11-18,254564.0,254885.0,255395.0,253678.0,923504.0
511,2020-11-19,254742.0,253689.0,254895.0,252953.0,976483.0
512,2020-11-20,255350.0,254406.0,255821.0,253979.0,1129500.0
513,2020-11-23,260259.0,256004.0,260558.0,255370.0,1649443.0
514,2020-11-24,261776.0,261628.0,262852.0,260503.0,1364506.0
515,2020-11-25,260154.0,263734.0,264226.0,258341.0,1410104.0
516,2020-11-26,262591.0,260573.0,262597.0,259243.0,1387435.0
517,2020-11-27,263345.0,262480.0,263500.0,261847.0,1196041.0
518,2020-11-30,259134.0,264805.0,264866.0,259134.0,1311831.0
519,2020-12-01,263425.0,261342.0,263887.0,261167.0,1151129.0
520,2020-12-02,267590.0,264588.0,267726.0,264453.0,1076203.0
521,2020-12-03,269622.0,268638.0,269622.0,267285.0,817065.0
522,2020-12-04,273145.0,270534.0,274277.0,270534.0,1778896.0
523,2020-12-07,274544.0,273811.0,275401.0,271142.0,1499265.0
524,2020-12-08,270093.0,274513.0,274745.0,270092.0,1415239.0
525,2020-12-09,275547.0,270330.0,275547.0,270330.0,1252304.0
526,2020-12-10,274646.0,275034.0,276546.0,271870.0,1227651.0
527,2020-12-11,277006.0,275416.0,278104.0,275416.0,1215239.0
528,2020-12-14,276220.0,276943.0,278279.0,275529.0,1113630.0
529,2020-12-15,275682.0,276365.0,276937.0,273508.0,1093522.0
530,2020-12-16,277179.0,276364.0,278108.0,276150.0,1166637.0
531,2020-12-17,277043.0,276989.0,277271.0,274225.0,1015484.0
532,2020-12-18,277218.0,277095.0,278215.0,276280.0,1059143.0
533,2020-12-21,277865.0,277198.0,278024.0,274709.0,1139513.0
534,2020-12-22,273368.0,277203.0,277422.0,273364.0,1260761.0
535,2020-12-23,275982.0,273774.0,276908.0,271628.0,1121346.0
536,2020-12-24,280686.0,276260.0,281216.0,276260.0,1030890.0
537,2020-12-28,280860.0,282095.0,283459.0,279956.0,977647.0
538,2020-12-29,282051.0,281055.0,282344.0,279206.0,1036788.0
539,2020-12-30,287347.0,282036.0,287821.0,280935.0,1063141.0
540,2021-01-04,294445.0,287450.0,294654.0,286911.0,1026510.0
541,2021-01-05,299057.0,294367.0,299057.0,292184.0,1519911.0
542,2021-01-06,296821.0,299334.0,302716.0,296137.0,1793418.0
543,2021-01-07,303168.0,298075.0,305528.0,298075.0,1524654.0
544,2021-01-08,315218.0,304011.0,316111.0,304011.0,1297903.0
545,2021-01-11,314845.0,316190.0,326623.0,309619.0,1712525.0
546,2021-01-12,312595.0,314587.0,315479.0,304756.0,1390617.0
547,2021-01-13,314829.0,312826.0,316437.0,310963.0,1578042.0
548,2021-01-14,314993.0,314865.0,315903.0,312872.0,1233182.0
549,2021-01-15,308590.0,315384.0,318990.0,308590.0,1331079.0
550,2021-01-18,301393.0,307990.0,307990.0,300389.0,1472048.0
551,2021-01-19,309266.0,301305.0,310700.0,301132.0,1353312.0
552,2021-01-20,311455.0,311504.0,314501.0,307715.0,1192695.0
553,2021-01-21,316084.0,312327.0,316321.0,312327.0,1360065.0
554,2021-01-22,314063.0,316383.0,318526.0,314060.0,1111222.0
555,2021-01-25,320899.0,314401.0,321222.0,314280.0,1093652.0
556,2021-01-26,314031.0,320396.0,320918.0,313267.0,873023.0
557,2021-01-27,312256.0,314346.0,318253.0,311889.0,924582.0
558,2021-01-28,306905.0,311498.0,311498.0,304664.0,1310454.0
559,2021-01-29,297621.0,307873.0,310022.0,296270.0,995071.0
560,2021-02-01,305653.0,297681.0,305687.0,294724.0,969262.0
561,2021-02-02,309681.0,306556.0,313895.0,306556.0,887313.0
562,2021-02-03,312968.0,310842.0,314226.0,309185.0,901788.0
563,2021-02-04,308755.0,313502.0,313502.0,306846.0,1460945.0
564,2021-02-05,312063.0,309849.0,312462.0,308178.0,1193486.0
565,2021-02-08,309124.0,311363.0,312854.0,308559.0,1277207.0
566,2021-02-09,308467.0,310225.0,312966.0,308467.0,2145388.0
567,2021-02-10,310058.0,308813.0,311188.0,306425.0,2152916.0
568,2021-02-15,314700.0,310870.0,315656.0,310870.0,1604653.0
569,2021-02-16,316325.0,315185.0,318094.0,314584.0,1944395.0
570,2021-02-17,313373.0,316295.0,316295.0,311548.0,1784126.0
571,2021-02-18,308666.0,313174.0,314040.0,308666.0,1860566.0
572,2021-02-19,310762.0,308996.0,310967.0,304028.0,3455504.0
573,2021-02-22,307975.0,311403.0,314248.0,307916.0,1831955.0
574,2021-02-23,307009.0,306926.0,309429.0,303546.0,2357758.0
575,2021-02-24,299498.0,307058.0,309205.0,299346.0,1560930.0
576,2021-02-25,309969.0,302647.0,309980.0,302647.0,1280086.0
577,2021-02-26,301295.0,308949.0,308949.0,298828.0,1361310.0
578,2021-03-02,304387.0,302168.0,309650.0,302074.0,1749871.0
579,2021-03-03,308299.0,304120.0,308304.0,302937.0,2236687.0
580,2021-03-04,304349.0,307688.0,307688.0,302254.0,1278951.0
581,2021-03-05,302626.0,303616.0,303698.0,298245.0,1187225.0
582,2021-03-08,299611.0,303199.0,305565.0,299264.0,1928301.0
583,2021-03-09,297612.0,298996.0,300049.0,292936.0,1534217.0
584,2021-03-10,295812.0,298076.0,301395.0,295153.0,905646.0
585,2021-03-11,301370.0,296430.0,302837.0,296430.0,1349204.0
586,2021-03-12,305439.0,303073.0,306143.0,303073.0,1669085.0
587,2021-03-15,304571.0,305706.0,306517.0,303614.0,1161784.0
588,2021-03-16,306717.0,304923.0,307154.0,304923.0,1123921.0
589,2021-03-17,304750.0,306776.0,306957.0,302720.0,814990.0
590,2021-03-18,306601.0,305493.0,309019.0,305493.0,1232596.0
591,2021-03-19,303953.0,306301.0,306301.0,302249.0,1068468.0
592,2021-03-22,303546.0,304001.0,304811.0,301960.0,903022.0
593,2021-03-23,300474.0,303825.0,305879.0,300305.0,1331209.0
594,2021-03-24,299635.0,299632.0,300654.0,297104.0,978431.0
595,2021-03-25,300833.0,299567.0,302463.0,298783.0,940353.0
596,2021-03-26,304101.0,301279.0,304186.0,301279.0,1036383.0
597,2021-03-29,303604.0,304771.0,305421.0,302539.0,1266136.0
598,2021-03-30,307000.0,303844.0,307457.0,303844.0,1007273.0
599,2021-03-31,306142.0,307339.0,309389.0,306140.0,1132040.0
600,2021-04-01,308740.0,307377.0,309088.0,306968.0,910102.0
601,2021-04-02,311280.0,310472.0,312158.0,310160.0,792704.0
602,2021-04-05,312083.0,312123.0,312720.0,310186.0,1084791.0
603,2021-04-06,312708.0,312380.0,313929.0,311019.0,1279017.0
604,2021-04-07,313741.0,312907.0,314619.0,312533.0,1984773.0
605,2021-04-08,314326.0,313725.0,314581.0,312209.0,1357293.0
606,2021-04-09,313188.0,314651.0,315604.0,312524.0,1781243.0
607,2021-04-12,313559.0,313488.0,314727.0,312791.0,1048782.0
608,2021-04-13,316908.0,313821.0,317326.0,313699.0,1705800.0
609,2021-04-14,318238.0,316995.0,318832.0,316212.0,1776265.0
610,2021-04-15,319433.0,318073.0,320448.0,317899.0,1312991.0
611,2021-04-16,319862.0,319408.0,320676.0,318567.0,961265.0
612,2021-04-19,319884.0,320111.0,321445.0,319340.0,1046073.0
613,2021-04-20,322070.0,319831.0,322082.0,319596.0,1278692.0
614,2021-04-21,317166.0,321424.0,321424.0,316549.0,1738684.0
615,2021-04-22,317752.0,317452.0,319697.0,317452.0,1738661.0
616,2021-04-23,318610.0,317347.0,318870.0,314654.0,2226246.0
617,2021-04-26,321753.0,319134.0,321753.0,319134.0,1278733.0
618,2021-04-27,321542.0,321830.0,322305.0,320325.0,1534230.0
619,2021-04-28,318147.0,321721.0,321969.0,317655.0,1397886.0
620,2021-04-29,317407.0,318475.0,320041.0,316106.0,1193355.0
621,2021-04-30,314786.0,317643.0,317943.0,314338.0,1340455.0
622,2021-05-03,312720.0,314905.0,317426.0,312070.0,1023778.0
623,2021-05-04,314737.0,313139.0,314738.0,310978.0,1266434.0
624,2021-05-06,317874.0,314772.0,317874.0,313364.0,1220576.0
625,2021-05-07,319720.0,317963.0,320511.0,317963.0,971594.0
626,2021-05-10,324930.0,320146.0,325590.0,320146.0,996027.0
627,2021-05-11,320943.0,323992.0,323992.0,319225.0,1077242.0
628,2021-05-12,316166.0,320936.0,321283.0,313804.0,1407536.0
629,2021-05-13,312211.0,314697.0,316193.0,310388.0,1083030.0
630,2021-05-14,315332.0,313135.0,316231.0,313135.0,822496.0
631,2021-05-17,313452.0,316321.0,317301.0,312132.0,758876.0
632,2021-05-18,317305.0,313538.0,317640.0,313538.0,774389.0
633,2021-05-20,316228.0,317453.0,317453.0,314048.0,753818.0
634,2021-05-21,315642.0,317191.0,319801.0,314946.0,787242.0
635,2021-05-24,314430.0,315591.0,316327.0,313781.0,580678.0
636,2021-05-25,317132.0,315293.0,317310.0,314830.0,612976.0
637,2021-05-26,316843.0,317191.0,318397.0,316030.0,1269999.0
638,2021-05-27,316551.0,317084.0,317386.0,314237.0,1082006.0
639,2021-05-28,318873.0,317209.0,319866.0,317185.0,954442.0
640,2021-05-31,320392.0,319206.0,320429.0,317987.0,1108068.0
641,2021-06-01,322187.0,320712.0,323317.0,319918.0,1448476.0
642,2021-06-02,322423.0,322440.0,324107.0,321610.0,1471101.0
643,2021-06-03,324743.0,322496.0,325850.0,322496.0,1558863.0
644,2021-06-04,324008.0,324617.0,324619.0,321867.0,1363013.0
645,2021-06-07,325212.0,324459.0,326441.0,323340.0,1733348.0
646,2021-06-08,324783.0,325183.0,326467.0,324256.0,1928236.0
647,2021-06-09,321618.0,324508.0,324649.0,321618.0,1942538.0
648,2021-06-10,322464.0,321694.0,323539.0,321031.0,1868225.0
649,2021-06-11,324932.0,322698.0,325158.0,322698.0,1645508.0
650,2021-06-14,325213.0,324960.0,325449.0,323851.0,1615659.0
651,2021-06-15,325863.0,325317.0,326280.0,324790.0,1734497.0
652,2021-06-16,327868.0,325906.0,328196.0,325668.0,2345810.0
653,2021-06-17,326496.0,327620.0,327620.0,325132.0,1848671.0
654,2021-06-18,326793.0,326568.0,327576.0,326258.0,1595440.0
655,2021-06-21,324079.0,326418.0,326418.0,322556.0,1484298.0
656,2021-06-22,326388.0,324579.0,326763.0,324579.0,1666696.0
657,2021-06-23,327619.0,326573.0,328188.0,326307.0,1040834.0
658,2021-06-24,328610.0,328147.0,329227.0,327785.0,1282979.0
659,2021-06-25,330284.0,328918.0,331608.0,328918.0,1198187.0
660,2021-06-28,330189.0,330546.0,331169.0,329130.0,1404938.0
661,2021-06-29,328668.0,330526.0,330542.0,327663.0,1181941.0
662,2021-06-30,329668.0,328863.0,330573.0,328863.0,1581040.0
663,2021-07-01,328206.0,329792.0,330012.0,327810.0,1136651.0
664,2021-07-02,328178.0,328281.0,329568.0,327819.0,1006702.0
665,2021-07-05,329321.0,328529.0,329893.0,328529.0,839276.0
666,2021-07-06,330521.0,329544.0,331351.0,329544.0,1017822.0
667,2021-07-07,328534.0,330359.0,330359.0,327766.0,1115625.0
668,2021-07-08,325268.0,328768.0,329571.0,325241.0,1516034.0
669,2021-07-09,321795.0,324552.0,324552.0,318880.0,1308364.0
670,2021-07-12,324647.0,322751.0,325145.0,322751.0,1118749.0
671,2021-07-13,327138.0,325324.0,327390.0,325324.0,1132109.0
672,2021-07-14,326481.0,327009.0,327009.0,325045.0,895954.0
673,2021-07-15,328622.0,326933.0,328658.0,326309.0,1154415.0
674,2021-07-16,327691.0,328289.0,328289.0,325932.0,1066507.0
675,2021-07-19,324404.0,325887.0,325887.0,323639.0,1078014.0
676,2021-07-20,323270.0,322324.0,323480.0,321442.0,979670.0
677,2021-07-21,321591.0,325113.0,325225.0,321591.0,990326.0
678,2021-07-22,325021.0,323517.0,325375.0,323517.0,712983.0
679,2021-07-23,325442.0,325344.0,326401.0,324609.0,805048.0
680,2021-07-26,322495.0,326599.0,326599.0,322495.0,826066.0
681,2021-07-27,323253.0,324443.0,325285.0,323075.0,991938.0
682,2021-07-28,323686.0,322606.0,324321.0,321090.0,868602.0
683,2021-07-29,324265.0,324849.0,325226.0,323250.0,694823.0
684,2021-07-30,320232.0,323437.0,323466.0,320232.0,687861.0
685,2021-08-02,322304.0,321842.0,322304.0,319400.0,561003.0
686,2021-08-03,323714.0,322157.0,323714.0,321320.0,653512.0
687,2021-08-04,328038.0,324665.0,328314.0,323755.0,632241.0
688,2021-08-05,327613.0,328325.0,329617.0,327333.0,680941.0
689,2021-08-06,327036.0,327706.0,328817.0,326193.0,941361.0
690,2021-08-09,326042.0,325810.0,327515.0,325174.0,707654.0
691,2021-08-10,324319.0,327244.0,327244.0,323246.0,730349.0
692,2021-08-11,322062.0,323536.0,325021.0,321765.0,618092.0
693,2021-08-12,320838.0,321358.0,322959.0,320211.0,643282.0
694,2021-08-13,317129.0,320575.0,320972.0,314676.0,696468.0
695,2021-08-17,314309.0,316974.0,317949.0,313448.0,690842.0
696,2021-08-18,315893.0,314198.0,317588.0,312456.0,622791.0
697,2021-08-19,309783.0,314001.0,315800.0,309783.0,655629.0
698,2021-08-20,306051.0,311110.0,312209.0,304903.0,672088.0
699,2021-08-23,309021.0,308681.0,311181.0,306465.0,570979.0
700,2021-08-24,313830.0,311970.0,314258.0,311523.0,586535.0
701,2021-08-25,314681.0,314813.0,316100.0,312425.0,624688.0
702,2021-08-26,312853.0,315130.0,315937.0,312104.0,727719.0
703,2021-08-27,313390.0,311629.0,314301.0,310697.0,520668.0
704,2021-08-30,314419.0,316087.0,316487.0,313277.0,602858.0
705,2021-08-31,319927.0,314449.0,319989.0,313030.0,661221.0
706,2021-09-01,320702.0,319567.0,321513.0,318580.0,746705.0
707,2021-09-02,317585.0,319803.0,320401.0,317178.0,757859.0
708,2021-09-03,320106.0,318971.0,320308.0,318164.0,641510.0
709,2021-09-06,320333.0,319630.0,320625.0,318679.0,726190.0
710,2021-09-07,318742.0,320007.0,320176.0,317681.0,760159.0
711,2021-09-08,316299.0,317874.0,318755.0,315707.0,859889.0
712,2021-09-09,311470.0,314664.0,315860.0,311149.0,927368.0
713,2021-09-10,312576.0,312109.0,313154.0,310338.0,723085.0
714,2021-09-13,312786.0,311735.0,313913.0,310901.0,732269.0
715,2021-09-14,314883.0,313732.0,316431.0,313732.0,713227.0
716,2021-09-15,315340.0,314721.0,316401.0,313880.0,616557.0
717,2021-09-16,313009.0,316538.0,316768.0,312665.0,612873.0
718,2021-09-17,314051.0,312775.0,314213.0,311251.0,589244.0
719,2021-09-23,312758.0,312364.0,313163.0,310798.0,623841.0
720,2021-09-24,312524.0,314073.0,314686.0,311940.0,753222.0
721,2021-09-27,313364.0,312170.0,314635.0,311926.0,883229.0
722,2021-09-28,309792.0,313340.0,313446.0,309572.0,894913.0
723,2021-09-29,306027.0,305550.0,306904.0,303060.0,821557.0
724,2021-09-30,306882.0,305487.0,307943.0,304643.0,885818.0
725,2021-10-01,301918.0,305621.0,306260.0,301501.0,855481.0
726,2021-10-05,296217.0,299817.0,299817.0,294059.0,840557.0
727,2021-10-06,290831.0,298606.0,299347.0,290830.0,901721.0
728,2021-10-07,295946.0,293687.0,296153.0,292760.0,595381.0
729,2021-10-08,295630.0,297782.0,297808.0,294901.0,668946.0
730,2021-10-12,291638.0,295022.0,295094.0,290151.0,660180.0
731,2021-10-13,294441.0,291334.0,295333.0,290947.0,752132.0
732,2021-10-14,298864.0,296887.0,298897.0,296233.0,617170.0
733,2021-10-15,301506.0,301262.0,302190.0,299933.0,857797.0
734,2021-10-18,300668.0,301748.0,302117.0,299044.0,926369.0
735,2021-10-19,302904.0,302223.0,303453.0,301419.0,845703.0
736,2021-10-20,301313.0,304313.0,304724.0,301297.0,680326.0
737,2021-10-21,300733.0,301228.0,302588.0,300274.0,887369.0
738,2021-10-22,300616.0,300536.0,301870.0,299626.0,695272.0
739,2021-10-25,302054.0,300110.0,302527.0,298329.0,791795.0
740,2021-10-26,304908.0,303982.0,305165.0,303053.0,564559.0
741,2021-10-27,302549.0,304583.0,304902.0,301900.0,607875.0
742,2021-10-28,300955.0,302317.0,303442.0,300955.0,617256.0
743,2021-10-29,297068.0,302567.0,303017.0,296540.0,545833.0
744,2021-11-01,297894.0,298418.0,299181.0,297687.0,475382.0
745,2021-11-02,301349.0,299558.0,303430.0,299558.0,525853.0
746,2021-11-03,297571.0,302036.0,302087.0,296901.0,658648.0
747,2021-11-04,298322.0,300092.0,301156.0,297807.0,772023.0
748,2021-11-05,296927.0,300353.0,300353.0,295396.0,688027.0
749,2021-11-08,296020.0,296536.0,296818.0,293090.0,560205.0
750,2021-11-09,296246.0,295815.0,298728.0,294917.0,708773.0
751,2021-11-10,293017.0,294746.0,295861.0,292436.0,570931.0
752,2021-11-11,292492.0,291141.0,292519.0,290372.0,572859.0
753,2021-11-12,296880.0,294595.0,297384.0,293827.0,665733.0
754,2021-11-15,299952.0,298968.0,300371.0,297996.0,639395.0
755,2021-11-16,299721.0,299568.0,301188.0,298534.0,579646.0
756,2021-11-17,296242.0,300402.0,300467.0,295770.0,541489.0
757,2021-11-18,294738.0,295926.0,296448.0,293753.0,541652.0
758,2021-11-19,297102.0,295106.0,297464.0,294807.0,657093.0
759,2021-11-22,301325.0,298338.0,301801.0,298073.0,530959.0
760,2021-11-23,299733.0,301316.0,301636.0,299214.0,524233.0
761,2021-11-24,299429.0,300634.0,301790.0,298102.0,556640.0
762,2021-11-25,298027.0,299674.0,299674.0,297324.0,595969.0
763,2021-11-26,293644.0,297304.0,298577.0,293031.0,595597.0
764,2021-11-29,290932.0,290615.0,293022.0,289078.0,844400.0
765,2021-11-30,283901.0,293271.0,294293.0,282273.0,983556.0
766,2021-12-01,289972.0,286012.0,290574.0,283703.0,563927.0
767,2021-12-02,294527.0,287464.0,294527.0,287464.0,534461.0
768,2021-12-03,296833.0,293593.0,297544.0,292755.0,486749.0
769,2021-12-06,297325.0,295482.0,298350.0,293249.0,479907.0
770,2021-12-07,299172.0,297384.0,299231.0,296090.0,541370.0
771,2021-12-08,300180.0,301793.0,303613.0,299534.0,488246.0
772,2021-12-09,302957.0,300700.0,302957.0,300155.0,513445.0
773,2021-12-10,301023.0,300870.0,301764.0,299829.0,451599.0
774,2021-12-13,300166.0,301967.0,304383.0,300051.0,375828.0
775,2021-12-14,298795.0,298395.0,300170.0,297616.0,581569.0
776,2021-12-15,298939.0,297983.0,299230.0,297300.0,432874.0
777,2021-12-16,300641.0,301326.0,301820.0,298963.0,402825.0
778,2021-12-17,301773.0,298520.0,301773.0,298419.0,451824.0
779,2021-12-20,296300.0,300133.0,300133.0,296207.0,377584.0
780,2021-12-21,297503.0,298167.0,298456.0,295590.0,410979.0
781,2021-12-22,298448.0,299350.0,300079.0,297665.0,461755.0
782,2021-12-23,299817.0,299802.0,300070.0,298091.0,483838.0
783,2021-12-24,301243.0,300948.0,302577.0,300948.0,537548.0
784,2021-12-27,299955.0,301394.0,301731.0,299930.0,475363.0
785,2021-12-28,302024.0,300677.0,302029.0,299155.0,607046.0
786,2021-12-29,299329.0,300290.0,300772.0,298867.0,545831.0
787,2021-12-30,297765.0,299975.0,300536.0,297574.0,461038.0
788,2022-01-03,298877.0,299832.0,301077.0,297942.0,435825.0
789,2022-01-04,298924.0,299197.0,299525.0,297308.0,621549.0
790,2022-01-05,295397.0,298405.0,298620.0,293673.0,787346.0
791,2022-01-06,292053.0,292540.0,295254.0,291538.0,786045.0
792,2022-01-07,295489.0,293378.0,295903.0,293310.0,546172.0
793,2022-01-10,292672.0,294737.0,295112.0,291090.0,477399.0
794,2022-01-11,292738.0,293093.0,294357.0,290982.0,566171.0
795,2022-01-12,297248.0,295078.0,297258.0,295031.0,519500.0
796,2022-01-13,296209.0,297991.0,298214.0,295839.0,604870.0
797,2022-01-14,292192.0,293761.0,294497.0,291473.0,532668.0
798,2022-01-17,289010.0,291855.0,291967.0,287598.0,593260.0
799,2022-01-18,286424.0,289898.0,290279.0,285726.0,554040.0
800,2022-01-19,284228.0,284034.0,287179.0,283218.0,463829.0
801,2022-01-20,286268.0,284228.0,286270.0,283097.0,395669.0
802,2022-01-21,283429.0,283749.0,284795.0,281711.0,532753.0
803,2022-01-24,279200.0,282376.0,282811.0,278068.0,473993.0
804,2022-01-25,272039.0,278641.0,278962.0,270399.0,639958.0
805,2022-01-26,270924.0,272975.0,274414.0,270810.0,472650.0
806,2022-01-27,261449.0,270924.0,272286.0,261449.0,487726.0
807,2022-01-28,266334.0,261787.0,266859.0,259153.0,434186.0
808,2022-02-03,270782.0,270634.0,273534.0,270278.0,435709.0
809,2022-02-04,275026.0,271483.0,275180.0,271287.0,536148.0
810,2022-02-07,274506.0,275070.0,275070.0,271894.0,417838.0
811,2022-02-08,274647.0,276776.0,277985.0,272672.0,560534.0
812,2022-02-09,276885.0,277263.0,277338.0,275351.0,539123.0
813,2022-02-10,277193.0,278744.0,278827.0,276176.0,509611.0
814,2022-02-11,274771.0,273914.0,276670.0,273508.0,480520.0
815,2022-02-14,270448.0,271510.0,272472.0,268824.0,616343.0
816,2022-02-15,267654.0,271245.0,271645.0,266547.0,589039.0
817,2022-02-16,272968.0,271961.0,273043.0,271134.0,422366.0
818,2022-02-17,274409.0,273511.0,277066.0,271199.0,611421.0
819,2022-02-18,274452.0,271452.0,274708.0,271188.0,513521.0
820,2022-02-21,274380.0,270665.0,274662.0,269490.0,495301.0
821,2022-02-22,270679.0,270508.0,272184.0,269009.0,648400.0
822,2022-02-23,271953.0,272743.0,272956.0,270531.0,537841.0
823,2022-02-24,264880.0,268928.0,269455.0,264263.0,926399.0
824,2022-02-25,267676.0,267847.0,269481.0,266596.0,664347.0
825,2022-02-28,269918.0,266300.0,269918.0,265825.0,613470.0
826,2022-03-02,270352.0,269831.0,271646.0,269224.0,527950.0
827,2022-03-03,274708.0,272986.0,274821.0,272635.0,614514.0
828,2022-03-04,271343.0,273658.0,273658.0,270234.0,765675.0
829,2022-03-07,265131.0,268017.0,268017.0,264410.0,571562.0
830,2022-03-08,262240.0,261733.0,264718.0,260581.0,540370.0
831,2022-03-10,268032.0,266086.0,268279.0,266086.0,613810.0
832,2022-03-11,266128.0,266595.0,267262.0,264728.0,797034.0
833,2022-03-14,264565.0,265493.0,266176.0,263331.0,636324.0
834,2022-03-15,262153.0,263031.0,264197.0,261508.0,604181.0
835,2022-03-16,265923.0,264985.0,265990.0,263003.0,736353.0
836,2022-03-17,269451.0,270327.0,271400.0,269451.0,546079.0
837,2022-03-18,270702.0,269564.0,270816.0,268871.0,644017.0
838,2022-03-21,268605.0,271781.0,271781.0,268369.0,502401.0
839,2022-03-22,271000.0,268668.0,271214.0,268658.0,489441.0
840,2022-03-23,273505.0,272712.0,274227.0,272083.0,883375.0
841,2022-03-24,272966.0,271625.0,272966.0,270514.0,960897.0
842,2022-03-25,272998.0,274083.0,274095.0,272236.0,602771.0
843,2022-03-28,272956.0,272122.0,273746.0,270774.0,768042.0
844,2022-03-29,274107.0,274562.0,275418.0,273322.0,732159.0
845,2022-03-30,274674.0,275831.0,276060.0,274002.0,840134.0
846,2022-03-31,275765.0,274324.0,276520.0,274320.0,1030288.0
847,2022-04-01,273985.0,274585.0,274585.0,272968.0,1305564.0
848,2022-04-04,275790.0,272986.0,275838.0,272245.0,1022970.0
849,2022-04-05,275920.0,276550.0,276918.0,275050.0,1605993.0
850,2022-04-06,273503.0,273907.0,274785.0,273066.0,1321644.0
851,2022-04-07,269586.0,271470.0,271850.0,269336.0,999275.0
852,2022-04-08,270039.0,270664.0,271200.0,268552.0,948355.0
853,2022-04-11,269310.0,268754.0,271102.0,268396.0,742601.0
854,2022-04-12,266676.0,267417.0,268508.0,265840.0,870969.0
855,2022-04-13,271649.0,267753.0,271763.0,267260.0,733240.0
856,2022-04-14,271671.0,271934.0,272030.0,270261.0,665351.0
857,2022-04-15,269606.0,269552.0,270541.0,268501.0,693717.0
858,2022-04-18,269321.0,268504.0,270111.0,268137.0,1024914.0
859,2022-04-19,271889.0,270776.0,272398.0,270532.0,1257385.0
860,2022-04-20,271869.0,271849.0,272446.0,270284.0,1736282.0
861,2022-04-21,272821.0,272571.0,273754.0,272504.0,1002973.0
862,2022-04-22,270471.0,270472.0,270858.0,269048.0,1239909.0
863,2022-04-25,265713.0,267667.0,268035.0,265704.0,1018005.0
864,2022-04-26,266831.0,267400.0,267805.0,266383.0,889941.0
865,2022-04-27,263906.0,263058.0,264182.0,261550.0,1072367.0
866,2022-04-28,266749.0,265654.0,266749.0,263837.0,899168.0
867,2022-04-29,269505.0,266918.0,269610.0,266406.0,975253.0
868,2022-05-02,268745.0,266921.0,268991.0,266785.0,873722.0
869,2022-05-03,268046.0,269016.0,270210.0,268046.0,883402.0
870,2022-05-04,267757.0,269045.0,269603.0,266723.0,1181019.0
871,2022-05-06,264451.0,265089.0,265251.0,263597.0,1333935.0
872,2022-05-09,261081.0,263432.0,264275.0,260608.0,892652.0
873,2022-05-10,259656.0,259013.0,260275.0,255301.0,841463.0
874,2022-05-11,259227.0,258652.0,259911.0,257909.0,679509.0
875,2022-05-12,255008.0,256950.0,259157.0,254680.0,900330.0
876,2022-05-13,260424.0,257001.0,260584.0,256596.0,788539.0
877,2022-05-16,259658.0,262469.0,262920.0,259361.0,780198.0
878,2022-05-17,262044.0,260358.0,262184.0,260358.0,873519.0
879,2022-05-18,262598.0,263475.0,264413.0,261800.0,870268.0
880,2022-05-19,259234.0,257624.0,259779.0,256854.0,677595.0
881,2022-05-20,263929.0,260578.0,264168.0,260538.0,755652.0
882,2022-05-23,264738.0,265163.0,265387.0,263429.0,644204.0
883,2022-05-24,260587.0,263894.0,264699.0,260587.0,851235.0
884,2022-05-25,261722.0,262175.0,263017.0,260294.0,712611.0
885,2022-05-26,261245.0,261699.0,264191.0,260201.0,595849.0
886,2022-05-27,263805.0,264075.0,264471.0,263149.0,590813.0
887,2022-05-30,266966.0,266231.0,267274.0,265418.0,469797.0
888,2022-05-31,268590.0,266688.0,268590.0,265432.0,671679.0
889,2022-06-02,265899.0,267074.0,267400.0,265359.0,525259.0
890,2022-06-03,267065.0,267957.0,268151.0,266300.0,562469.0
891,2022-06-07,262634.0,265927.0,266204.0,262278.0,524710.0
892,2022-06-08,262615.0,263353.0,263952.0,262196.0,576389.0
893,2022-06-09,262544.0,261892.0,262788.0,260661.0,814882.0
894,2022-06-10,259587.0,259637.0,260280.0,258374.0,724089.0
895,2022-06-13,250451.0,255021.0,255032.0,250451.0,660309.0
896,2022-06-14,249297.0,247296.0,250317.0,245739.0,671756.0
897,2022-06-15,244738.0,249001.0,249554.0,243604.0,714143.0
898,2022-06-16,245141.0,248166.0,250036.0,244733.0,584041.0
899,2022-06-17,244093.0,240972.0,244134.0,239647.0,634896.0
900,2022-06-20,239103.0,244989.0,244989.0,237235.0,592701.0
901,2022-06-21,240893.0,240299.0,242348.0,238560.0,479678.0
902,2022-06-22,234281.0,241711.0,241805.0,234281.0,532138.0
903,2022-06-23,231432.0,234784.0,236123.0,230648.0,749660.0
904,2022-06-24,236660.0,232711.0,237348.0,231999.0,654445.0
905,2022-06-27,240192.0,238320.0,241894.0,236586.0,510587.0
906,2022-06-28,242209.0,240520.0,242210.0,239396.0,564985.0
907,2022-06-29,237799.0,238710.0,239325.0,237545.0,422127.0
908,2022-06-30,233264.0,236857.0,236857.0,233259.0,515396.0
909,2022-07-01,230542.0,234292.0,235497.0,229149.0,530345.0
910,2022-07-04,230034.0,231073.0,231831.0,227663.0,467959.0
911,2022-07-05,234178.0,232211.0,234408.0,230962.0,323904.0
912,2022-07-06,229201.0,233011.0,233214.0,229033.0,410732.0
913,2022-07-07,233427.0,230897.0,234414.0,230790.0,340172.0
914,2022-07-08,235061.0,235249.0,236784.0,234874.0,411424.0
915,2022-07-11,234027.0,235743.0,236326.0,233782.0,377108.0
916,2022-07-12,231776.0,233088.0,233302.0,230374.0,379308.0
917,2022-07-13,232861.0,232445.0,234119.0,231249.0,308806.0
918,2022-07-14,232232.0,231641.0,233829.0,230769.0,349137.0
919,2022-07-15,233098.0,233512.0,233730.0,229345.0,319675.0
920,2022-07-18,237525.0,235048.0,237650.0,234412.0,324357.0
921,2022-07-19,237097.0,236752.0,237274.0,235959.0,339377.0
922,2022-07-20,238685.0,240629.0,241006.0,238265.0,333329.0
923,2022-07-21,240916.0,238791.0,241196.0,238791.0,295624.0
924,2022-07-22,239314.0,240537.0,241791.0,239148.0,381596.0
925,2022-07-25,240369.0,238565.0,241247.0,238565.0,323090.0
926,2022-07-26,241296.0,239727.0,241539.0,239517.0,415671.0
927,2022-07-27,241553.0,241252.0,241553.0,239619.0,333587.0
928,2022-07-28,243527.0,243757.0,244343.0,242907.0,491073.0
929,2022-07-29,245150.0,245353.0,246305.0,244201.0,499369.0
930,2022-08-01,245225.0,244405.0,246140.0,243713.0,487160.0
931,2022-08-02,243962.0,245100.0,245107.0,242876.0,549923.0
932,2022-08-03,246145.0,243856.0,246145.0,243312.0,475302.0
933,2022-08-04,247311.0,247844.0,247895.0,246532.0,399964.0
934,2022-08-05,249080.0,248143.0,249758.0,248005.0,409776.0
935,2022-08-08,249310.0,248117.0,249400.0,247776.0,418234.0
936,2022-08-09,250346.0,249357.0,250649.0,248136.0,454363.0
937,2022-08-10,248088.0,249370.0,249415.0,247821.0,479467.0
938,2022-08-11,252378.0,250774.0,252378.0,250641.0,505245.0
939,2022-08-12,252794.0,251966.0,253320.0,251431.0,445546.0
940,2022-08-16,253352.0,254305.0,254635.0,253220.0,398335.0
941,2022-08-17,251647.0,253657.0,254315.0,251201.0,418052.0
942,2022-08-18,250805.0,249930.0,251537.0,248809.0,381627.0
943,2022-08-19,249269.0,251072.0,251072.0,249269.0,459834.0
944,2022-08-22,246250.0,246738.0,247577.0,245708.0,422552.0
945,2022-08-23,243534.0,244931.0,245455.0,243183.0,471166.0
946,2022-08-24,244745.0,244618.0,245401.0,243069.0,423502.0
947,2022-08-25,247726.0,245979.0,247726.0,245532.0,426229.0
948,2022-08-26,248103.0,248914.0,249776.0,247675.0,520091.0
949,2022-08-29,242689.0,243206.0,243289.0,241701.0,448746.0
950,2022-08-30,245093.0,244121.0,245391.0,243348.0,336555.0
951,2022-08-31,247205.0,243347.0,247375.0,242614.0,436246.0
952,2022-09-01,241561.0,244300.0,244361.0,241561.0,580021.0
953,2022-09-02,240941.0,242770.0,243237.0,240267.0,391598.0
954,2022-09-05,240368.0,241007.0,242477.0,239263.0,354737.0
955,2022-09-06,241002.0,240972.0,242253.0,239926.0,294224.0
956,2022-09-07,237646.0,239566.0,239840.0,236535.0,378200.0
957,2022-09-08,238428.0,239327.0,239406.0,237906.0,423620.0
958,2022-09-13,244954.0,241859.0,245395.0,241859.0,367102.0
959,2022-09-14,241142.0,239047.0,241842.0,238150.0,461507.0
960,2022-09-15,240183.0,241601.0,242163.0,240183.0,424110.0
961,2022-09-16,238278.0,238756.0,239510.0,237111.0,440798.0
962,2022-09-19,235566.0,238873.0,238985.0,235276.0,403937.0
963,2022-09-20,236785.0,237364.0,238252.0,235984.0,419340.0
964,2022-09-21,234721.0,235154.0,236027.0,234179.0,378165.0
965,2022-09-22,233231.0,231970.0,233511.0,230910.0,446820.0
966,2022-09-23,229000.0,233133.0,233406.0,228571.0,446460.0
967,2022-09-26,222094.0,226080.0,226080.0,221536.0,621995.0
968,2022-09-27,222386.0,222439.0,222735.0,219790.0,487939.0
969,2022-09-28,216929.0,220615.0,222356.0,215160.0,596136.0
970,2022-09-29,217093.0,219775.0,221061.0,217014.0,508500.0
971,2022-09-30,215549.0,216111.0,217720.0,213477.0,950269.0
972,2022-10-04,220938.0,218951.0,221238.0,218084.0,421003.0
973,2022-10-05,221522.0,224885.0,225393.0,220403.0,855790.0
974,2022-10-06,223786.0,223043.0,225087.0,222336.0,643015.0
975,2022-10-07,223284.0,221784.0,224588.0,221508.0,428682.0
976,2022-10-11,219207.0,219302.0,219305.0,217406.0,859508.0
977,2022-10-12,220247.0,219135.0,220502.0,218165.0,658347.0
978,2022-10-13,216287.0,219829.0,219834.0,216287.0,792452.0
979,2022-10-14,221255.0,220066.0,222054.0,219363.0,513523.0
980,2022-10-17,221971.0,218717.0,222105.0,217766.0,498780.0
981,2022-10-18,224995.0,224915.0,225174.0,222071.0,580891.0
982,2022-10-19,223744.0,224935.0,226680.0,223459.0,895161.0
983,2022-10-20,221809.0,222553.0,223152.0,220044.0,1108102.0
984,2022-10-21,221312.0,221059.0,222404.0,220464.0,637486.0
985,2022-10-24,223616.0,224826.0,225667.0,222985.0,444820.0
986,2022-10-25,223507.0,223704.0,225324.0,223075.0,456770.0
987,2022-10-26,224956.0,224070.0,225811.0,223449.0,563441.0
988,2022-10-27,228878.0,226607.0,229056.0,226202.0,587872.0
989,2022-10-28,226840.0,227673.0,229265.0,226644.0,427245.0
990,2022-10-31,229361.0,229375.0,229551.0,227373.0,401399.0
991,2022-11-01,233522.0,230158.0,233557.0,229757.0,597205.0
992,2022-11-02,233687.0,232605.0,234632.0,232337.0,450634.0
993,2022-11-03,232917.0,229745.0,234286.0,229644.0,550428.0
994,2022-11-04,234843.0,232585.0,234843.0,231629.0,436430.0
995,2022-11-07,237179.0,236022.0,237328.0,235422.0,392508.0
996,2022-11-08,239904.0,238720.0,240039.0,237567.0,500087.0
997,2022-11-09,242441.0,240854.0,242965.0,240364.0,680722.0
998,2022-11-10,240223.0,240577.0,242610.0,240199.0,899127.0
999,2022-11-11,248316.0,246690.0,248646.0,246351.0,758247.0
